State,State_UT_Code,Financial Year,Total Funds Available,Total Expenditure (Excluding Payments Due),Actual Fund Balance,Total Payments Due,Total Expenditure (Including Payments Due),Total  Fund Balance (Net),Extent of Fund Utilisation
Andhra Pradesh,1,2013-14,5344.793,5293.428,51.366,625.820,5919.248,-574.454,110.748
Arunachal Pradesh,2,2013-14,151.646,95.815,55.831,8.144,103.959,47.687,68.554
Assam,3,2013-14,770.876,699.588,71.289,2.501,702.089,68.788,91.077
Bihar,4,2013-14,2250.217,2030.710,219.507,192.059,2222.769,27.448,98.780
Chhattisgarh,5,2013-14,2199.609,2023.640,175.968,14.508,2038.149,161.460,92.660
Goa,6,2013-14,6.627,2.974,3.653,0.012,2.986,3.641,45.061
Gujarat,7,2013-14,478.027,488.497,-10.470,4.468,492.965,-14.938,103.125
Haryana,8,2013-14,440.785,381.272,59.513,4.090,385.362,55.424,87.426
Himachal Pradesh,9,2013-14,596.842,568.035,28.807,2.043,570.078,26.764,95.516
Jharkhand,10,2013-14,987.907,911.746,76.162,10.070,921.816,66.091,93.310
Karnataka,11,2013-14,2044.863,2062.967,-18.104,70.889,2133.856,-88.993,104.352
Kerala,12,2013-14,1320.962,1300.410,20.552,10.614,1311.024,9.938,99.248
Madhya Pradesh,13,2013-14,2453.495,2580.687,-127.193,50.101,2630.788,-177.293,107.226
Maharashtra,14,2013-14,1539.174,1266.484,272.690,24.656,1291.140,248.035,83.885
Manipur,15,2013-14,301.796,254.763,47.034,1.003,255.766,46.031,84.748
Meghalaya,16,2013-14,307.107,317.482,-10.375,17.473,334.955,-27.849,109.068
Mizoram,17,2013-14,259.910,257.720,2.190,2.997,260.717,-0.807,100.310
Nagaland,18,2013-14,324.375,294.799,29.576,51.524,346.323,-21.947,106.766
Odisha,19,2013-14,1364.999,1279.692,85.307,15.543,1295.235,69.764,94.889
Punjab,20,2013-14,262.697,255.124,7.573,1.871,256.995,5.702,97.829
Rajasthan,21,2013-14,2946.183,2624.729,321.454,19.762,2644.491,301.692,89.760
Sikkim,22,2013-14,117.881,108.892,8.988,2.343,111.236,6.645,94.363
Tamil Nadu,23,2013-14,5386.085,3903.442,1482.643,5.097,3908.539,1477.546,72.567
Telangana,24,2013-14,0.000,46.893,-46.893,12.911,59.804,-59.804,0.000
Tripura,25,2013-14,1116.715,1074.758,41.957,5.059,1079.817,36.898,96.696
Uttar Pradesh,26,2013-14,3958.001,3446.177,511.824,114.251,3560.428,397.573,89.955
Uttarakhand,27,2013-14,406.382,380.632,25.750,0.954,381.586,24.796,93.898
West Bengal,28,2013-14,3824.460,3724.039,100.421,167.402,3891.440,-66.981,101.751
A & N Islands,29,2013-14,20.023,17.560,2.463,0.369,17.929,2.094,89.543
Chandigarh,30,2013-14,NA,NA,NA,NA,NA,NA,NA
Dadra & N. Haveli,31,2013-14,0.000,0.000,0.000,0.000,0.000,0.000,0.000
Daman & Diu,32,2013-14,0.000,0.000,0.000,0.000,0.000,0.000,0.000
Delhi,33,2013-14,NA,NA,NA,NA,NA,NA,NA
Jammu & Kashmir,34,2013-14,800.796,764.381,36.415,37.549,801.930,-1.134,100.142
Ladakh,35,2013-14,NA,NA,NA,NA,NA,NA,NA
Lakshadweep,36,2013-14,1.127,0.736,0.391,0.004,0.741,0.386,65.738
Puducherry,37,2013-14,18.582,11.368,7.213,0.000,11.368,7.213,61.181
Andhra Pradesh,1,2014-15,3040.717,2895.032,145.686,3.776,2898.808,141.910,95.333
Arunachal Pradesh,2,2014-15,67.683,35.094,32.589,3.855,38.950,28.733,57.547
Assam,3,2014-15,586.268,497.046,89.223,12.986,510.032,76.236,86.996
Bihar,4,2014-15,1548.964,1056.333,492.631,106.530,1162.863,386.101,75.074
Chhattisgarh,5,2014-15,1781.535,1752.373,29.162,6.327,1758.700,22.834,98.718
Goa,6,2014-15,5.666,4.572,1.095,0.011,4.583,1.083,80.879
Gujarat,7,2014-15,359.509,470.133,-110.624,3.442,473.575,-114.066,131.728
Haryana,8,2014-15,215.886,215.705,0.181,2.178,217.883,-1.997,100.925
Himachal Pradesh,9,2014-15,419.165,405.954,13.211,2.362,408.316,10.849,97.412
Jharkhand,10,2014-15,891.514,1016.368,-124.854,17.080,1033.448,-141.933,115.920
Karnataka,11,2014-15,1955.128,1663.090,292.038,27.445,1690.535,264.593,86.467
Kerala,12,2014-15,1642.627,1616.707,25.920,7.388,1624.096,18.531,98.872
Madhya Pradesh,13,2014-15,2693.995,2808.206,-114.210,115.646,2923.851,-229.856,108.532
Maharashtra,14,2014-15,1626.942,1608.697,18.245,23.971,1632.668,-5.726,100.352
Manipur,15,2014-15,287.992,266.978,21.014,1.153,268.131,19.861,93.104
Meghalaya,16,2014-15,320.792,309.110,11.682,3.092,312.202,8.590,97.322
Mizoram,17,2014-15,114.229,114.201,0.028,0.000,114.201,0.028,99.976
Nagaland,18,2014-15,172.720,158.011,14.710,0.007,158.018,14.702,91.488
Odisha,19,2014-15,1110.976,1059.114,51.862,17.356,1076.470,34.506,96.894
Punjab,20,2014-15,215.382,212.392,2.990,1.152,213.544,1.839,99.146
Rajasthan,21,2014-15,3386.420,3252.665,133.755,6.522,3259.186,127.234,96.243
Sikkim,22,2014-15,80.913,76.434,4.479,1.507,77.942,2.971,96.328
Tamil Nadu,23,2014-15,4842.808,3623.894,1218.913,8.716,3632.610,1210.198,75.010
Telangana,24,2014-15,1696.600,1929.919,-233.319,0.000,1929.919,-233.319,113.752
Tripura,25,2014-15,719.199,816.895,-97.696,5.969,822.864,-103.665,114.414
Uttar Pradesh,26,2014-15,2957.838,3123.950,-166.112,40.402,3164.352,-206.514,106.982
Uttarakhand,27,2014-15,332.298,322.661,9.637,5.360,328.021,4.277,98.713
West Bengal,28,2014-15,3978.855,3987.898,-9.043,131.432,4119.330,-140.475,103.531
A & N Islands,29,2014-15,14.444,9.749,4.696,4.713,14.462,-0.018,100.123
Chandigarh,30,2014-15,NA,NA,NA,NA,NA,NA,NA
Dadra & N. Haveli,31,2014-15,0.000,0.000,0.000,0.000,0.000,0.000,0.000
Daman & Diu,32,2014-15,0.000,0.000,0.000,0.000,0.000,0.000,0.000
Delhi,33,2014-15,NA,NA,NA,NA,NA,NA,NA
Jammu & Kashmir,34,2014-15,468.158,390.796,77.362,19.381,410.177,57.981,87.615
Ladakh,35,2014-15,NA,NA,NA,NA,NA,NA,NA
Lakshadweep,36,2014-15,0.986,0.705,0.281,0.011,0.716,0.270,72.606
Puducherry,37,2014-15,9.746,6.502,3.244,0.000,6.502,3.244,66.715
Andhra Pradesh,1,2015-16,3094.143,4737.747,-1643.604,2.456,4740.203,-1646.060,153.199
Arunachal Pradesh,2,2015-16,100.346,66.237,34.110,6.968,73.205,27.142,72.952
Assam,3,2015-16,651.544,620.484,31.061,17.783,638.267,13.277,97.962
Bihar,4,2015-16,1644.168,1627.173,16.994,63.208,1690.381,-46.213,102.811
Chhattisgarh,5,2015-16,1283.887,1283.119,0.768,13.717,1296.836,-12.949,101.009
Goa,6,2015-16,4.352,3.006,1.346,0.011,3.017,1.335,69.316
Gujarat,7,2015-16,404.488,428.597,-24.109,2.268,430.865,-26.377,106.521
Haryana,8,2015-16,144.529,142.352,2.177,1.235,143.587,0.942,99.348
Himachal Pradesh,9,2015-16,400.871,391.943,8.928,1.009,392.952,7.919,98.025
Jharkhand,10,2015-16,1035.667,1329.526,-293.859,29.142,1358.668,-323.001,131.188
Karnataka,11,2015-16,1313.482,1825.110,-511.628,22.646,1847.756,-534.274,140.676
Kerala,12,2015-16,1610.842,1483.372,127.470,4.663,1488.034,122.808,92.376
Madhya Pradesh,13,2015-16,2592.938,2501.110,91.829,16.776,2517.886,75.052,97.106
Maharashtra,14,2015-16,1873.241,1857.084,16.156,23.157,1880.242,-7.001,100.374
Manipur,15,2015-16,292.142,231.220,60.922,1.123,232.343,59.799,79.531
Meghalaya,16,2015-16,267.224,272.307,-5.083,0.041,272.349,-5.125,101.918
Mizoram,17,2015-16,299.038,298.594,0.444,0.028,298.621,0.417,99.861
Nagaland,18,2015-16,243.528,195.144,48.384,0.005,195.149,48.379,80.134
Odisha,19,2015-16,2059.106,2051.634,7.472,23.988,2075.622,-16.516,100.802
Punjab,20,2015-16,321.740,300.263,21.477,1.708,301.971,19.769,93.856
Rajasthan,21,2015-16,3210.918,3269.601,-58.684,7.364,3276.965,-66.047,102.057
Sikkim,22,2015-16,98.013,95.225,2.788,0.199,95.423,2.590,97.358
Tamil Nadu,23,2015-16,6925.550,6027.549,898.001,7.526,6035.075,890.475,87.142
Telangana,24,2015-16,2004.899,2407.326,-402.427,0.000,2407.326,-402.427,120.072
Tripura,25,2015-16,1494.560,1370.431,124.129,18.435,1388.866,105.694,92.928
Uttar Pradesh,26,2015-16,3123.484,2976.584,146.900,53.229,3029.813,93.671,97.001
Uttarakhand,27,2015-16,504.460,492.543,11.917,0.900,493.443,11.017,97.816
West Bengal,28,2015-16,5385.465,4845.667,539.798,140.065,4985.732,399.733,92.578
A & N Islands,29,2015-16,10.624,4.094,6.530,5.525,9.619,1.005,90.540
Chandigarh,30,2015-16,NA,NA,NA,NA,NA,NA,NA
Dadra & N. Haveli,31,2015-16,0.000,0.000,0.000,0.000,0.000,0.000,0.000
Daman & Diu,32,2015-16,0.000,0.000,0.000,0.000,0.000,0.000,0.000
Delhi,33,2015-16,NA,NA,NA,NA,NA,NA,NA
Jammu & Kashmir,34,2015-16,790.331,766.399,23.932,33.879,800.278,-9.946,101.258
Ladakh,35,2015-16,NA,NA,NA,NA,NA,NA,NA
Lakshadweep,36,2015-16,0.453,0.298,0.155,0.019,0.317,0.136,69.903
Puducherry,37,2015-16,14.286,9.178,5.108,0.325,9.503,4.783,66.520
Andhra Pradesh,1,2016-17,5070.607,4600.162,470.445,7.387,4607.549,463.058,90.868
Arunachal Pradesh,2,2016-17,162.645,156.263,6.382,5.611,161.873,0.772,99.526
Assam,3,2016-17,2063.076,1500.864,562.213,88.827,1589.691,473.385,77.054
Bihar,4,2016-17,2187.480,2192.519,-5.039,80.164,2272.683,-85.203,103.895
Chhattisgarh,5,2016-17,2745.691,2754.499,-8.808,16.482,2770.980,-25.289,100.921
Goa,6,2016-17,6.202,4.003,2.199,0.037,4.040,2.162,65.144
Gujarat,7,2016-17,809.768,744.348,65.420,3.921,748.269,61.500,92.405
Haryana,8,2016-17,326.116,325.386,0.730,2.014,327.400,-1.284,100.394
Himachal Pradesh,9,2016-17,492.637,562.717,-70.080,0.522,563.239,-70.602,114.331
Jharkhand,10,2016-17,1942.561,1839.536,103.025,49.775,1889.311,53.251,97.259
Karnataka,11,2016-17,3443.625,3316.850,126.775,49.162,3366.012,77.613,97.746
Kerala,12,2016-17,1759.503,2424.370,-664.867,4.385,2428.755,-669.253,138.036
Madhya Pradesh,13,2016-17,3729.974,3648.360,81.614,7.346,3655.706,74.268,98.009
Maharashtra,14,2016-17,2127.005,2094.172,32.833,24.819,2118.990,8.014,99.623
Manipur,15,2016-17,410.017,369.648,40.369,1.348,370.996,39.021,90.483
Meghalaya,16,2016-17,840.813,794.368,46.446,0.500,794.867,45.946,94.536
Mizoram,17,2016-17,149.655,149.831,-0.176,190.819,340.650,-190.995,227.624
Nagaland,18,2016-17,675.993,618.727,57.265,0.536,619.263,56.729,91.608
Odisha,19,2016-17,2066.750,2139.309,-72.559,25.754,2165.063,-98.313,104.757
Punjab,20,2016-17,515.814,533.585,-17.771,8.348,541.933,-26.120,105.064
Rajasthan,21,2016-17,5154.248,5190.016,-35.768,14.243,5204.259,-50.011,100.970
Sikkim,22,2016-17,138.984,137.471,1.513,1.076,138.547,0.437,99.685
Tamil Nadu,23,2016-17,5999.656,5677.587,322.069,10.968,5688.555,311.101,94.815
Telangana,24,2016-17,2403.403,2108.985,294.418,7.036,2116.021,287.382,88.043
Tripura,25,2016-17,1181.565,1200.205,-18.640,13.739,1213.944,-32.378,102.740
Uttar Pradesh,26,2016-17,4214.115,4268.583,-54.468,39.838,4308.421,-94.307,102.238
Uttarakhand,27,2016-17,599.849,720.239,-120.389,3.225,723.464,-123.615,120.608
West Bengal,28,2016-17,6876.049,7273.705,-397.656,125.510,7399.215,-523.166,107.609
A & N Islands,29,2016-17,8.744,2.676,6.068,7.987,10.663,-1.920,121.953
Chandigarh,30,2016-17,NA,NA,NA,NA,NA,NA,NA
Dadra & N. Haveli,31,2016-17,0.000,0.000,0.000,0.000,0.000,0.000,0.000
Daman & Diu,32,2016-17,0.000,0.000,0.000,0.000,0.000,0.000,0.000
Delhi,33,2016-17,NA,NA,NA,NA,NA,NA,NA
Jammu & Kashmir,34,2016-17,862.875,833.237,29.639,103.408,936.645,-73.769,108.549
Ladakh,35,2016-17,NA,NA,NA,NA,NA,NA,NA
Lakshadweep,36,2016-17,0.259,0.204,0.056,0.000,0.204,0.056,78.558
Puducherry,37,2016-17,10.608,11.013,-0.405,0.107,11.120,-0.512,104.826
Andhra Pradesh,1,2017-18,6070.323,6435.980,-365.656,16.563,6452.542,-382.219,106.297
Arunachal Pradesh,2,2017-18,284.556,225.989,58.567,3.174,229.163,55.392,80.534
Assam,3,2017-18,1638.977,1530.797,108.180,42.512,1573.309,65.668,95.993
Bihar,4,2017-18,3212.029,2931.031,280.998,67.554,2998.585,213.444,93.355
Chhattisgarh,5,2017-18,3177.231,3312.031,-134.800,14.978,3327.009,-149.778,104.714
Goa,6,2017-18,4.174,2.879,1.295,0.108,2.987,1.188,71.553
Gujarat,7,2017-18,878.220,894.745,-16.525,7.121,901.866,-23.645,102.692
Haryana,8,2017-18,332.452,319.773,12.680,1.081,320.853,11.599,96.511
Himachal Pradesh,9,2017-18,612.075,567.958,44.117,0.534,568.492,43.583,92.879
Jharkhand,10,2017-18,1630.385,1529.249,101.135,27.603,1556.853,73.532,95.490
Karnataka,11,2017-18,3092.421,3003.035,89.385,80.195,3083.231,9.190,99.703
Kerala,12,2017-18,1910.936,1902.322,8.614,6.408,1908.730,2.206,99.885
Madhya Pradesh,13,2017-18,4560.010,4254.413,305.598,10.398,4264.810,295.200,93.526
Maharashtra,14,2017-18,2553.677,2308.131,245.546,62.015,2370.146,183.531,92.813
Manipur,15,2017-18,204.834,195.057,9.777,0.498,195.555,9.279,95.470
Meghalaya,16,2017-18,1249.332,1134.694,114.638,1.682,1136.376,112.955,90.959
Mizoram,17,2017-18,206.535,212.279,-5.744,3.437,215.716,-9.180,104.445
Nagaland,18,2017-18,1162.935,969.638,193.297,84.153,1053.791,109.145,90.615
Odisha,19,2017-18,2617.856,2513.164,104.692,25.389,2538.553,79.304,96.971
Punjab,20,2017-18,661.635,638.176,23.459,9.433,647.608,14.027,97.880
Rajasthan,21,2017-18,5168.899,5148.583,20.316,23.664,5172.248,-3.349,100.065
Sikkim,22,2017-18,117.420,124.572,-7.152,0.835,125.407,-7.987,106.802
Tamil Nadu,23,2017-18,6629.322,6360.641,268.681,8.691,6369.332,259.990,96.078
Telangana,24,2017-18,2957.215,2784.841,172.374,10.975,2795.816,161.399,94.542
Tripura,25,2017-18,482.132,467.177,14.955,3.486,470.664,11.468,97.621
Uttar Pradesh,26,2017-18,4005.746,4530.191,-524.445,36.380,4566.571,-560.825,114.001
Uttarakhand,27,2017-18,790.865,692.428,98.438,2.426,694.854,96.011,87.860
West Bengal,28,2017-18,6720.766,8027.122,-1306.356,86.472,8113.593,-1392.828,120.724
A & N Islands,29,2017-18,9.719,6.623,3.096,1.328,7.950,1.768,81.804
Chandigarh,30,2017-18,NA,NA,NA,NA,NA,NA,NA
Dadra & N. Haveli,31,2017-18,0.000,0.000,0.000,0.000,0.000,0.000,0.000
Daman & Diu,32,2017-18,0.000,0.000,0.000,0.000,0.000,0.000,0.000
Delhi,33,2017-18,NA,NA,NA,NA,NA,NA,NA
Jammu & Kashmir,34,2017-18,1449.134,1169.443,279.692,361.532,1530.975,-81.841,105.648
Ladakh,35,2017-18,NA,NA,NA,NA,NA,NA,NA
Lakshadweep,36,2017-18,0.341,0.212,0.128,0.001,0.213,0.128,62.537
Puducherry,37,2017-18,15.886,14.505,1.381,0.293,14.798,1.088,93.149
Andhra Pradesh,1,2018-19,7400.363,8276.860,-876.497,1298.205,9575.065,-2174.701,129.386
Arunachal Pradesh,2,2018-19,209.953,213.388,-3.435,3.866,217.254,-7.302,103.478
Assam,3,2018-19,1427.008,1338.470,88.538,134.263,1472.733,-45.725,103.204
Bihar,4,2018-19,3574.064,3204.548,369.516,52.230,3256.778,317.286,91.123
Chhattisgarh,5,2018-19,3607.163,3054.053,553.110,15.422,3069.475,537.688,85.094
Goa,6,2018-19,1.335,0.331,1.003,0.210,0.541,0.794,40.544
Gujarat,7,2018-19,1256.072,1098.548,157.524,4.395,1102.944,153.128,87.809
Haryana,8,2018-19,402.820,367.893,34.927,2.298,370.191,32.629,91.900
Himachal Pradesh,9,2018-19,897.937,849.526,48.411,1.102,850.627,47.309,94.731
Jharkhand,10,2018-19,1596.991,1521.362,75.628,19.814,1541.176,55.814,96.505
Karnataka,11,2018-19,3899.383,3620.998,278.385,149.951,3770.949,128.433,96.706
Kerala,12,2018-19,2482.046,2983.948,-501.902,11.953,2995.902,-513.856,120.703
Madhya Pradesh,13,2018-19,5155.833,5404.726,-248.893,16.908,5421.634,-265.801,105.155
Maharashtra,14,2018-19,2362.926,2389.204,-26.278,71.682,2460.885,-97.960,104.146
Manipur,15,2018-19,322.116,294.812,27.304,1.209,296.020,26.096,91.899
Meghalaya,16,2018-19,922.020,913.342,8.678,1.657,914.999,7.021,99.239
Mizoram,17,2018-19,402.160,493.038,-90.879,1.012,494.050,-91.891,122.849
Nagaland,18,2018-19,291.188,244.315,46.873,10.263,254.578,36.610,87.427
Odisha,19,2018-19,2652.104,2323.117,328.987,21.766,2344.883,307.221,88.416
Punjab,20,2018-19,783.474,669.803,113.671,34.600,704.403,79.071,89.908
Rajasthan,21,2018-19,6102.518,5698.144,404.373,63.959,5762.104,340.414,94.422
Sikkim,22,2018-19,106.434,94.536,11.899,0.459,94.995,11.439,89.252
Tamil Nadu,23,2018-19,5285.231,5768.568,-483.338,8.658,5777.226,-491.996,109.309
Telangana,24,2018-19,3002.078,3185.128,-183.050,261.621,3446.749,-444.671,114.812
Tripura,25,2018-19,542.492,556.597,-14.104,2.238,558.835,-16.343,103.012
Uttar Pradesh,26,2018-19,6390.877,5845.583,545.294,40.652,5886.235,504.642,92.104
Uttarakhand,27,2018-19,669.847,633.210,36.637,2.917,636.127,33.720,94.966
West Bengal,28,2018-19,8196.619,8057.401,139.218,107.500,8164.901,31.718,99.613
A & N Islands,29,2018-19,9.183,5.729,3.454,0.386,6.115,3.068,66.592
Chandigarh,30,2018-19,NA,NA,NA,NA,NA,NA,NA
Dadra & N. Haveli,31,2018-19,4.840,0.000,4.840,0.000,0.000,4.840,0.000
Daman & Diu,32,2018-19,0.000,0.000,0.000,0.000,0.000,0.000,0.000
Delhi,33,2018-19,NA,NA,NA,NA,NA,NA,NA
Jammu & Kashmir,34,2018-19,859.610,861.356,-1.746,140.037,1001.393,-141.783,116.494
Ladakh,35,2018-19,NA,NA,NA,NA,NA,NA,NA
Lakshadweep,36,2018-19,0.180,0.262,-0.082,0.034,0.296,-0.116,164.536
Puducherry,37,2018-19,16.749,15.739,1.010,0.000,15.739,1.010,93.972
Andhra Pradesh,1,2019-20,7311.480,5535.304,1776.176,996.294,6531.598,779.882,89.333
Arunachal Pradesh,2,2019-20,159.653,158.835,0.818,6.781,165.617,-5.964,103.735
Assam,3,2019-20,1476.243,1488.163,-11.921,249.222,1737.385,-261.142,117.690
Bihar,4,2019-20,3300.713,3374.861,-74.148,334.829,3709.691,-408.978,112.391
Chhattisgarh,5,2019-20,3160.139,3011.207,148.932,13.780,3024.988,135.151,95.723
Goa,6,2019-20,2.441,1.340,1.101,0.000,1.340,1.101,54.906
Gujarat,7,2019-20,879.683,965.824,-86.141,6.516,972.340,-92.657,110.533
Haryana,8,2019-20,375.823,387.962,-12.138,78.873,466.834,-91.011,124.216
Himachal Pradesh,9,2019-20,678.081,708.998,-30.916,3.323,712.321,-34.240,105.049
Jharkhand,10,2019-20,1593.477,1700.715,-107.238,33.459,1734.174,-140.696,108.830
Karnataka,11,2019-20,4581.155,4749.855,-168.700,432.487,5182.341,-601.187,113.123
Kerala,12,2019-20,3676.665,2702.846,973.819,75.578,2778.424,898.241,75.569
Madhya Pradesh,13,2019-20,5300.372,4950.037,350.335,45.001,4995.038,305.334,94.239
Maharashtra,14,2019-20,1996.583,1825.847,170.736,132.054,1957.901,38.682,98.063
Manipur,15,2019-20,651.029,455.562,195.467,47.618,503.180,147.849,77.290
Meghalaya,16,2019-20,1118.547,1098.390,20.158,68.363,1166.752,-48.205,104.310
Mizoram,17,2019-20,579.206,515.252,63.954,4.731,519.982,59.223,89.775
Nagaland,18,2019-20,453.600,393.741,59.859,208.674,602.415,-148.815,132.808
Odisha,19,2019-20,2787.779,2841.008,-53.229,48.532,2889.540,-101.761,103.650
Punjab,20,2019-20,821.016,767.369,53.647,86.227,853.595,-32.579,103.968
Rajasthan,21,2019-20,7281.949,6712.889,569.060,1181.427,7894.316,-612.367,108.409
Sikkim,22,2019-20,90.341,91.115,-0.774,3.727,94.842,-4.501,104.982
Tamil Nadu,23,2019-20,5945.616,5624.465,321.151,22.128,5646.593,299.023,94.971
Telangana,24,2019-20,2246.785,2000.050,246.735,109.190,2109.239,137.545,93.878
Tripura,25,2019-20,823.476,857.825,-34.349,9.338,867.163,-43.687,105.305
Uttar Pradesh,26,2019-20,6188.899,6060.133,128.765,127.311,6187.445,1.454,99.977
Uttarakhand,27,2019-20,508.930,557.008,-48.078,20.696,577.704,-68.773,113.513
West Bengal,28,2019-20,8912.524,7501.418,1411.106,181.559,7682.977,1229.546,86.204
A & N Islands,29,2019-20,6.538,4.587,1.952,0.421,5.008,1.531,76.592
Chandigarh,30,2019-20,NA,NA,NA,NA,NA,NA,NA
Dadra & N. Haveli,31,2019-20,0.000,0.000,0.000,0.000,0.000,0.000,0.000
Daman & Diu,32,2019-20,0.000,0.000,0.000,0.000,0.000,0.000,0.000
Delhi,33,2019-20,NA,NA,NA,NA,NA,NA,NA
Jammu & Kashmir,34,2019-20,1071.792,1005.962,65.830,197.967,1203.929,-132.137,112.329
Ladakh,35,2019-20,NA,NA,NA,NA,NA,NA,NA
Lakshadweep,36,2019-20,0.278,0.106,0.172,0.019,0.125,0.153,45.045
Puducherry,37,2019-20,17.043,17.113,-0.070,0.001,17.114,-0.071,100.414
Andhra Pradesh,1,2020-21,10365.480,10900.610,-535.130,729.831,11630.441,-1264.961,112.204
Arunachal Pradesh,2,2020-21,475.977,485.412,-9.435,8.371,493.783,-17.806,103.741
Assam,3,2020-21,2877.376,2348.178,529.197,37.289,2385.467,491.909,82.904
Bihar,4,2020-21,6940.508,6425.675,514.833,767.599,7193.274,-252.766,103.642
Chhattisgarh,5,2020-21,4517.223,4113.094,404.130,12.223,4125.316,391.907,91.324
Goa,6,2020-21,1.593,3.259,-1.667,0.000,3.259,-1.667,204.672
Gujarat,7,2020-21,1543.025,1334.857,208.168,2.547,1337.405,205.621,86.674
Haryana,8,2020-21,831.550,802.630,28.920,6.783,809.413,22.137,97.338
Himachal Pradesh,9,2020-21,1116.252,988.957,127.296,1.331,990.288,125.965,88.715
Jharkhand,10,2020-21,3296.477,3135.634,160.843,65.914,3201.548,94.929,97.120
Karnataka,11,2020-21,5970.907,5599.659,371.249,97.908,5697.566,273.341,95.422
Kerala,12,2020-21,4511.417,3862.842,648.575,20.150,3882.993,628.425,86.070
Madhya Pradesh,13,2020-21,9935.909,9142.272,793.636,180.063,9322.336,613.573,93.825
Maharashtra,14,2020-21,1608.174,1966.857,-358.682,52.380,2019.236,-411.062,125.561
Manipur,15,2020-21,845.398,1052.750,-207.352,7.557,1060.307,-214.909,125.421
Meghalaya,16,2020-21,1438.382,1367.132,71.249,34.701,1401.834,36.548,97.459
Mizoram,17,2020-21,620.852,549.220,71.633,0.566,549.786,71.066,88.553
Nagaland,18,2020-21,516.535,442.863,73.673,26.558,469.421,47.114,90.879
Odisha,19,2020-21,5676.548,5828.068,-151.521,48.713,5876.781,-200.234,103.527
Punjab,20,2020-21,1380.114,1240.828,139.285,147.401,1388.229,-8.115,100.588
Rajasthan,21,2020-21,10224.221,9796.058,428.164,45.015,9841.072,383.149,96.253
Sikkim,22,2020-21,108.142,107.058,1.085,0.386,107.444,0.699,99.354
Tamil Nadu,23,2020-21,9158.689,8423.392,735.297,22.398,8445.790,712.899,92.216
Telangana,24,2020-21,4763.187,4642.835,120.352,59.534,4702.369,60.818,98.723
Tripura,25,2020-21,1248.668,1064.052,184.615,1.532,1065.584,183.084,85.338
Uttar Pradesh,26,2020-21,13321.278,12863.935,457.343,133.764,12997.699,323.579,97.571
Uttarakhand,27,2020-21,987.149,853.819,133.330,3.313,857.132,130.017,86.829
West Bengal,28,2020-21,11920.103,10245.320,1674.783,186.830,10432.150,1487.953,87.517
A & N Islands,29,2020-21,4.859,6.680,-1.822,0.501,7.182,-2.323,147.803
Chandigarh,30,2020-21,NA,NA,NA,NA,NA,NA,NA
Dadra & N. Haveli,31,2020-21,0.000,0.000,0.000,0.000,0.000,0.000,0.000
Daman & Diu,32,2020-21,0.000,0.000,0.000,0.000,0.000,0.000,0.000
Delhi,33,2020-21,NA,NA,NA,NA,NA,NA,NA
Jammu & Kashmir,34,2020-21,1608.176,1529.481,78.694,68.710,1598.191,9.985,99.379
Ladakh,35,2020-21,22.486,50.328,-27.843,7.079,57.408,-34.922,255.307
Lakshadweep,36,2020-21,0.002,0.057,-0.056,0.006,0.064,-0.062,3981.250
Puducherry,37,2020-21,27.131,25.319,1.812,0.873,26.192,0.939,96.539
Andhra Pradesh,1,2021-22,7225.624,7881.542,-655.919,2105.228,9986.770,-2761.146,138.213
Arunachal Pradesh,2,2021-22,505.928,496.030,9.898,173.368,669.398,-163.471,132.311
Assam,3,2021-22,2524.232,2396.863,127.369,285.566,2682.429,-158.197,106.267
Bihar,4,2021-22,7102.144,6514.076,588.069,1195.531,7709.606,-607.462,108.553
Chhattisgarh,5,2021-22,4500.526,3988.720,511.806,479.589,4468.309,32.217,99.284
Goa,6,2021-22,4.140,3.773,0.367,0.235,4.009,0.131,96.826
Gujarat,7,2021-22,1764.456,1736.504,27.952,291.664,2028.169,-263.713,114.946
Haryana,8,2021-22,793.268,708.253,85.015,119.526,827.779,-34.512,104.351
Himachal Pradesh,9,2021-22,1208.188,1091.235,116.953,156.307,1247.543,-39.354,103.257
Jharkhand,10,2021-22,3279.545,3377.016,-97.472,465.607,3842.623,-563.079,117.169
Karnataka,11,2021-22,6887.278,6213.414,673.864,1106.347,7319.761,-432.483,106.279
Kerala,12,2021-22,3743.371,4032.131,-288.760,599.684,4631.815,-888.444,123.734
Madhya Pradesh,13,2021-22,9393.812,8063.889,1329.923,884.548,8948.437,445.375,95.259
Maharashtra,14,2021-22,2740.535,2433.951,306.583,462.440,2896.391,-155.856,105.687
Manipur,15,2021-22,1028.116,923.656,104.460,993.175,1916.832,-888.715,186.441
Meghalaya,16,2021-22,1202.949,1147.329,55.621,552.977,1700.305,-497.356,141.345
Mizoram,17,2021-22,664.387,530.514,133.873,8.437,538.951,125.436,81.120
Nagaland,18,2021-22,678.239,603.031,75.208,195.687,798.717,-120.478,117.763
Odisha,19,2021-22,7921.365,5980.073,1941.293,386.045,6366.118,1555.247,80.366
Punjab,20,2021-22,1363.597,1280.689,82.908,309.599,1590.288,-226.691,116.624
Rajasthan,21,2021-22,10797.095,10496.288,300.807,2893.705,13389.993,-2592.898,124.015
Sikkim,22,2021-22,129.904,117.901,12.003,7.519,125.420,4.485,96.548
Tamil Nadu,23,2021-22,9584.964,9795.260,-210.295,473.460,10268.719,-683.755,107.134
Telangana,24,2021-22,4244.731,4084.189,160.542,1143.261,5227.450,-982.718,123.151
Tripura,25,2021-22,1097.960,1088.752,9.208,51.300,1140.052,-42.092,103.834
Uttar Pradesh,26,2021-22,8986.478,8774.827,211.651,2333.249,11108.076,-2121.598,123.609
Uttarakhand,27,2021-22,638.960,629.392,9.568,245.238,874.630,-235.671,136.883
West Bengal,28,2021-22,9273.133,10895.188,-1622.054,3301.157,14196.345,-4923.211,153.091
A & N Islands,29,2021-22,7.682,6.210,1.472,1.148,7.357,0.325,95.774
Chandigarh,30,2021-22,NA,NA,NA,NA,NA,NA,NA
Dadra & N. Haveli,31,2021-22,0.000,0.000,0.000,0.000,0.000,0.000,0.000
Daman & Diu,32,2021-22,0.000,0.000,0.000,0.000,0.000,0.000,0.000
Delhi,33,2021-22,NA,NA,NA,NA,NA,NA,NA
Jammu & Kashmir,34,2021-22,983.600,1139.543,-155.943,303.096,1442.639,-459.039,146.669
Ladakh,35,2021-22,59.044,58.149,0.895,10.785,68.934,-9.890,116.750
Lakshadweep,36,2021-22,0.005,0.045,-0.040,0.001,0.046,-0.041,1013.333
Puducherry,37,2021-22,13.407,14.703,-1.296,1.552,16.256,-2.848,121.245
,,,,,,,,,
,,,,,,,,,
,,,,,,,,,
,,,,,,,,,
,,,,,,,,,
,,,,,,,,,
,,,,,,,,,
,,,,,,,,,
,,,,,,,,,
,,,,,,,,,
,,,,,,,,,
,,,,,,,,,
,,,,,,,,,
,,,,,,,,,
,,,,,,,,,
,,,,,,,,,
,,,,,,,,,
,,,,,,,,,
,,,,,,,,,
,,,,,,,,,
,,,,,,,,,
,,,,,,,,,
,,,,,,,,,
,,,,,,,,,
,,,,,,,,,
,,,,,,,,,
,,,,,,,,,
,,,,,,,,,
,,,,,,,,,
,,,,,,,,,
,,,,,,,,,
,,,,,,,,,
,,,,,,,,,
,,,,,,,,,
,,,,,,,,,
,,,,,,,,,
,,,,,,,,,
,,,,,,,,,
,,,,,,,,,
,,,,,,,,,
,,,,,,,,,
,,,,,,,,,
,,,,,,,,,
,,,,,,,,,
,,,,,,,,,
,,,,,,,,,
,,,,,,,,,
,,,,,,,,,
,,,,,,,,,
,,,,,,,,,
,,,,,,,,,
,,,,,,,,,
,,,,,,,,,
,,,,,,,,,
,,,,,,,,,
,,,,,,,,,
,,,,,,,,,
,,,,,,,,,
,,,,,,,,,
,,,,,,,,,
,,,,,,,,,
,,,,,,,,,
,,,,,,,,,
,,,,,,,,,
,,,,,,,,,
,,,,,,,,,
,,,,,,,,,
,,,,,,,,,
,,,,,,,,,
,,,,,,,,,
,,,,,,,,,
,,,,,,,,,
,,,,,,,,,
,,,,,,,,,
,,,,,,,,,
,,,,,,,,,
,,,,,,,,,
,,,,,,,,,
,,,,,,,,,
,,,,,,,,,
,,,,,,,,,
,,,,,,,,,
,,,,,,,,,
,,,,,,,,,
,,,,,,,,,
,,,,,,,,,
,,,,,,,,,
,,,,,,,,,
,,,,,,,,,
,,,,,,,,,
,,,,,,,,,
,,,,,,,,,
,,,,,,,,,
,,,,,,,,,
,,,,,,,,,
,,,,,,,,,
,,,,,,,,,
,,,,,,,,,
,,,,,,,,,
,,,,,,,,,
,,,,,,,,,
,,,,,,,,,
,,,,,,,,,
,,,,,,,,,
,,,,,,,,,
,,,,,,,,,
,,,,,,,,,
,,,,,,,,,
,,,,,,,,,
,,,,,,,,,
,,,,,,,,,
,,,,,,,,,
,,,,,,,,,
,,,,,,,,,
,,,,,,,,,
,,,,,,,,,
,,,,,,,,,
,,,,,,,,,
,,,,,,,,,
,,,,,,,,,
,,,,,,,,,
,,,,,,,,,
,,,,,,,,,
,,,,,,,,,
,,,,,,,,,
,,,,,,,,,
,,,,,,,,,
,,,,,,,,,
,,,,,,,,,
,,,,,,,,,
,,,,,,,,,
,,,,,,,,,
,,,,,,,,,
,,,,,,,,,
,,,,,,,,,
,,,,,,,,,
,,,,,,,,,
,,,,,,,,,
,,,,,,,,,
,,,,,,,,,
,,,,,,,,,
,,,,,,,,,
,,,,,,,,,
,,,,,,,,,
,,,,,,,,,
,,,,,,,,,
,,,,,,,,,
,,,,,,,,,
,,,,,,,,,
,,,,,,,,,
,,,,,,,,,
,,,,,,,,,
,,,,,,,,,
,,,,,,,,,
,,,,,,,,,
,,,,,,,,,
,,,,,,,,,
,,,,,,,,,
,,,,,,,,,
,,,,,,,,,
,,,,,,,,,
,,,,,,,,,
,,,,,,,,,
,,,,,,,,,
,,,,,,,,,
,,,,,,,,,
,,,,,,,,,
,,,,,,,,,
,,,,,,,,,
,,,,,,,,,
,,,,,,,,,
,,,,,,,,,
,,,,,,,,,
,,,,,,,,,
,,,,,,,,,
,,,,,,,,,
,,,,,,,,,
,,,,,,,,,
,,,,,,,,,
,,,,,,,,,
,,,,,,,,,
,,,,,,,,,
,,,,,,,,,
,,,,,,,,,
,,,,,,,,,
,,,,,,,,,
,,,,,,,,,
,,,,,,,,,
,,,,,,,,,
,,,,,,,,,
,,,,,,,,,
,,,,,,,,,
,,,,,,,,,
,,,,,,,,,
,,,,,,,,,
,,,,,,,,,
,,,,,,,,,
,,,,,,,,,
,,,,,,,,,
,,,,,,,,,
,,,,,,,,,
,,,,,,,,,
,,,,,,,,,
,,,,,,,,,
,,,,,,,,,
,,,,,,,,,
,,,,,,,,,
,,,,,,,,,
,,,,,,,,,
,,,,,,,,,
,,,,,,,,,
,,,,,,,,,
,,,,,,,,,
,,,,,,,,,
,,,,,,,,,
,,,,,,,,,
,,,,,,,,,
,,,,,,,,,
,,,,,,,,,
,,,,,,,,,
,,,,,,,,,
,,,,,,,,,
,,,,,,,,,
,,,,,,,,,
,,,,,,,,,
,,,,,,,,,
,,,,,,,,,
,,,,,,,,,
,,,,,,,,,
,,,,,,,,,
,,,,,,,,,
,,,,,,,,,
,,,,,,,,,
,,,,,,,,,
,,,,,,,,,
,,,,,,,,,
,,,,,,,,,
,,,,,,,,,
,,,,,,,,,
,,,,,,,,,
,,,,,,,,,
,,,,,,,,,
,,,,,,,,,
,,,,,,,,,
,,,,,,,,,
,,,,,,,,,
,,,,,,,,,
,,,,,,,,,
,,,,,,,,,
,,,,,,,,,
,,,,,,,,,
,,,,,,,,,
,,,,,,,,,
,,,,,,,,,
,,,,,,,,,
,,,,,,,,,
,,,,,,,,,
,,,,,,,,,
,,,,,,,,,
,,,,,,,,,
,,,,,,,,,
,,,,,,,,,
,,,,,,,,,
,,,,,,,,,
,,,,,,,,,
,,,,,,,,,
,,,,,,,,,
,,,,,,,,,
,,,,,,,,,
,,,,,,,,,
,,,,,,,,,
,,,,,,,,,
,,,,,,,,,
,,,,,,,,,
,,,,,,,,,
,,,,,,,,,
,,,,,,,,,
,,,,,,,,,
,,,,,,,,,
,,,,,,,,,
,,,,,,,,,
,,,,,,,,,
,,,,,,,,,
,,,,,,,,,
,,,,,,,,,
,,,,,,,,,
,,,,,,,,,
,,,,,,,,,
,,,,,,,,,
,,,,,,,,,
,,,,,,,,,
,,,,,,,,,
,,,,,,,,,
,,,,,,,,,
,,,,,,,,,
,,,,,,,,,
,,,,,,,,,
,,,,,,,,,
,,,,,,,,,
,,,,,,,,,
,,,,,,,,,
,,,,,,,,,
,,,,,,,,,
,,,,,,,,,
,,,,,,,,,
,,,,,,,,,
,,,,,,,,,
,,,,,,,,,
,,,,,,,,,
,,,,,,,,,
,,,,,,,,,
,,,,,,,,,
,,,,,,,,,
,,,,,,,,,
,,,,,,,,,
,,,,,,,,,
,,,,,,,,,
,,,,,,,,,
,,,,,,,,,
,,,,,,,,,
,,,,,,,,,
,,,,,,,,,
,,,,,,,,,
,,,,,,,,,
,,,,,,,,,
,,,,,,,,,
,,,,,,,,,
,,,,,,,,,
,,,,,,,,,
,,,,,,,,,
,,,,,,,,,
,,,,,,,,,
,,,,,,,,,
,,,,,,,,,
,,,,,,,,,
,,,,,,,,,
,,,,,,,,,
,,,,,,,,,
,,,,,,,,,
,,,,,,,,,
,,,,,,,,,
,,,,,,,,,
,,,,,,,,,
,,,,,,,,,
,,,,,,,,,
,,,,,,,,,
,,,,,,,,,
,,,,,,,,,
,,,,,,,,,
,,,,,,,,,
,,,,,,,,,
,,,,,,,,,
,,,,,,,,,
,,,,,,,,,
,,,,,,,,,
,,,,,,,,,
,,,,,,,,,
,,,,,,,,,
,,,,,,,,,
,,,,,,,,,
,,,,,,,,,
,,,,,,,,,
,,,,,,,,,
,,,,,,,,,
,,,,,,,,,
,,,,,,,,,
,,,,,,,,,
,,,,,,,,,
,,,,,,,,,
,,,,,,,,,
,,,,,,,,,
,,,,,,,,,
,,,,,,,,,
,,,,,,,,,
,,,,,,,,,
,,,,,,,,,
,,,,,,,,,
,,,,,,,,,
,,,,,,,,,
,,,,,,,,,
,,,,,,,,,
,,,,,,,,,
,,,,,,,,,
,,,,,,,,,
,,,,,,,,,
,,,,,,,,,
,,,,,,,,,
,,,,,,,,,
,,,,,,,,,
,,,,,,,,,
,,,,,,,,,
,,,,,,,,,
,,,,,,,,,
,,,,,,,,,
,,,,,,,,,
,,,,,,,,,
,,,,,,,,,
,,,,,,,,,
,,,,,,,,,
,,,,,,,,,
,,,,,,,,,
,,,,,,,,,
,,,,,,,,,
,,,,,,,,,
,,,,,,,,,
,,,,,,,,,
,,,,,,,,,
,,,,,,,,,
,,,,,,,,,
,,,,,,,,,
,,,,,,,,,
,,,,,,,,,
,,,,,,,,,
,,,,,,,,,
,,,,,,,,,
,,,,,,,,,
,,,,,,,,,
,,,,,,,,,
,,,,,,,,,
,,,,,,,,,
,,,,,,,,,
,,,,,,,,,
,,,,,,,,,
,,,,,,,,,
,,,,,,,,,
,,,,,,,,,
,,,,,,,,,
,,,,,,,,,
,,,,,,,,,
,,,,,,,,,
,,,,,,,,,
,,,,,,,,,
,,,,,,,,,
,,,,,,,,,
,,,,,,,,,
,,,,,,,,,
,,,,,,,,,
,,,,,,,,,
,,,,,,,,,
,,,,,,,,,
,,,,,,,,,
,,,,,,,,,
,,,,,,,,,
,,,,,,,,,
,,,,,,,,,
,,,,,,,,,
,,,,,,,,,
,,,,,,,,,
,,,,,,,,,
,,,,,,,,,
,,,,,,,,,
,,,,,,,,,
,,,,,,,,,
,,,,,,,,,
,,,,,,,,,
,,,,,,,,,
,,,,,,,,,
,,,,,,,,,
,,,,,,,,,
,,,,,,,,,
,,,,,,,,,
,,,,,,,,,
,,,,,,,,,
,,,,,,,,,
,,,,,,,,,
,,,,,,,,,
,,,,,,,,,
,,,,,,,,,
,,,,,,,,,
,,,,,,,,,
,,,,,,,,,
,,,,,,,,,
,,,,,,,,,
,,,,,,,,,
,,,,,,,,,
,,,,,,,,,
,,,,,,,,,
,,,,,,,,,
,,,,,,,,,
,,,,,,,,,
,,,,,,,,,
,,,,,,,,,
,,,,,,,,,
,,,,,,,,,
,,,,,,,,,
,,,,,,,,,
,,,,,,,,,
,,,,,,,,,
,,,,,,,,,
,,,,,,,,,
,,,,,,,,,
,,,,,,,,,
,,,,,,,,,
,,,,,,,,,
,,,,,,,,,
,,,,,,,,,
,,,,,,,,,
,,,,,,,,,
,,,,,,,,,
,,,,,,,,,
,,,,,,,,,
,,,,,,,,,
,,,,,,,,,
,,,,,,,,,
,,,,,,,,,
,,,,,,,,,
,,,,,,,,,
,,,,,,,,,
,,,,,,,,,
,,,,,,,,,
,,,,,,,,,
,,,,,,,,,
,,,,,,,,,
,,,,,,,,,
,,,,,,,,,
,,,,,,,,,
,,,,,,,,,
,,,,,,,,,
,,,,,,,,,
,,,,,,,,,
,,,,,,,,,
,,,,,,,,,
,,,,,,,,,
,,,,,,,,,
,,,,,,,,,
,,,,,,,,,
,,,,,,,,,
,,,,,,,,,
,,,,,,,,,
,,,,,,,,,
,,,,,,,,,
,,,,,,,,,
,,,,,,,,,
,,,,,,,,,
,,,,,,,,,
,,,,,,,,,
,,,,,,,,,
,,,,,,,,,
,,,,,,,,,
,,,,,,,,,
,,,,,,,,,
,,,,,,,,,
,,,,,,,,,
,,,,,,,,,
,,,,,,,,,
,,,,,,,,,
,,,,,,,,,
,,,,,,,,,
,,,,,,,,,
,,,,,,,,,
,,,,,,,,,
,,,,,,,,,
,,,,,,,,,
,,,,,,,,,
,,,,,,,,,
,,,,,,,,,
,,,,,,,,,
,,,,,,,,,
,,,,,,,,,
,,,,,,,,,
,,,,,,,,,
,,,,,,,,,
,,,,,,,,,
,,,,,,,,,
,,,,,,,,,
,,,,,,,,,
,,,,,,,,,
,,,,,,,,,
,,,,,,,,,
,,,,,,,,,
,,,,,,,,,
,,,,,,,,,
,,,,,,,,,
,,,,,,,,,
,,,,,,,,,
,,,,,,,,,
,,,,,,,,,
,,,,,,,,,
,,,,,,,,,
,,,,,,,,,
,,,,,,,,,
,,,,,,,,,
,,,,,,,,,
,,,,,,,,,
,,,,,,,,,
,,,,,,,,,
,,,,,,,,,
,,,,,,,,,
,,,,,,,,,
,,,,,,,,,
,,,,,,,,,
,,,,,,,,,
,,,,,,,,,
,,,,,,,,,
,,,,,,,,,
,,,,,,,,,
,,,,,,,,,
,,,,,,,,,
,,,,,,,,,
,,,,,,,,,
,,,,,,,,,
,,,,,,,,,
,,,,,,,,,
,,,,,,,,,
,,,,,,,,,
,,,,,,,,,
,,,,,,,,,
,,,,,,,,,
,,,,,,,,,
,,,,,,,,,
,,,,,,,,,
,,,,,,,,,
,,,,,,,,,
,,,,,,,,,
,,,,,,,,,
,,,,,,,,,
,,,,,,,,,
,,,,,,,,,
,,,,,,,,,
,,,,,,,,,
,,,,,,,,,
,,,,,,,,,
,,,,,,,,,
,,,,,,,,,
,,,,,,,,,
,,,,,,,,,
,,,,,,,,,
,,,,,,,,,
,,,,,,,,,
,,,,,,,,,
,,,,,,,,,
,,,,,,,,,
,,,,,,,,,
,,,,,,,,,
,,,,,,,,,
,,,,,,,,,
,,,,,,,,,
,,,,,,,,,
,,,,,,,,,
,,,,,,,,,
,,,,,,,,,
,,,,,,,,,
,,,,,,,,,
,,,,,,,,,
,,,,,,,,,
,,,,,,,,,
,,,,,,,,,
,,,,,,,,,
,,,,,,,,,
,,,,,,,,,
,,,,,,,,,
,,,,,,,,,
,,,,,,,,,
,,,,,,,,,
,,,,,,,,,
,,,,,,,,,
,,,,,,,,,
,,,,,,,,,
,,,,,,,,,
,,,,,,,,,
,,,,,,,,,
,,,,,,,,,
,,,,,,,,,
,,,,,,,,,
,,,,,,,,,
,,,,,,,,,
